{
	"Header": {
		"title": "Categories Configuration",
		"version": "0.0",
		"createdAt": "Oct 22, 2018 6:30:00 PM",
		"modifiedDate": "Aug 15,2019 9:00:00 AM",
		"createdBy": "Venkat Boddapati",
		"Description": ""
	},
	"Data": {
		"Cooking": {
			"Capability": {
				"LocalKitchenTimer": {
					"RangeValues": {
						"StepSize": 1,
						"Min": 0,
						"Max": 11000
					}
				},
				"CooktopLeftOnAlertTimerRange": {
					"RangeValues": {
					  "StepSize": 300,
					  "Min": 300,
					  "Max": 3600
					}
				  }
			},
			"Features": {
				"ControlLock": {
					"Visible": true,
					"AvailableIn": [
						"US",
						"CA"
					]
				},
				"RemoteStatus": {
					"Visible": true,
					"ReadOnly": true,
					"AvailableIn": [
						"US",
						"CA"
					]
				},
				"Notifications": {
					"Visible": true,
					"AvailableIn": [
						"US",
						"CA"
					]
				},
				"FaultCodes": {
					"Visible": true,
					"AvailableIn": [
						"US",
						"CA"
					]
				},
				"ChangeTempUnits": {
					"Visible": true,
					"AvailableIn": [
						"US",
						"CA"
					]
				},
				"ChangeSoundPowerOnOff": {
					"Visible": true,
					"AvailableIn": [
						"US",
						"CA"
					]
				},
				"ChangeNumberEntry": {
					"Visible": true,
					"AvailableIn": [
						"US",
						"CA"
					]
				},
				"ChangeClockTheme": {
					"Visible": true,
					"AvailableIn": [
						"US",
						"CA"
					]
				},
				"ChangeClockOnOffStatus": {
					"Visible": true,
					"AvailableIn": [
						"US",
						"CA"
					]
				},
				"ChangeApplianceLanguage": {
					"Visible": true,
					"AvailableIn": [
						"US",
						"CA"
					]
				},
				"ChangeSoundKeyAlert": {
					"Visible": true,
					"AvailableIn": [
						"US",
						"CA"
					]
				},
				"ChangeSoundKeyPress": {
					"Visible": true,
					"AvailableIn": [
						"US",
						"CA"
					]
				},
				"ChangeDisplayOnOffStatus": {
					"Visible": true,
					"AvailableIn": [
						"US",
						"CA"
					]
				},
				"ChangeBrightness": {
					"Visible": true,
					"AvailableIn": [
						"US",
						"CA"
					]
				},
				"QuietMode": {
					"Visible": true,
					"AvailableIn": [
						"US",
						"CA"
					]
				},
				"MeatProbe": {
					"Visible": true,
					"ReadOnly": true,
					"AvailableIn": [
						"US",
						"CA"
					]
				},
				"MeatProbeTemp": {
					"Visible": true,
					"ReadOnly": true,
					"AvailableIn": [
						"US",
						"CA"
					]
				},
				"LightOnOff": {
					"Visible": true,
					"AvailableIn": [
						"US"
					]
				},
				"SetOven": {
					"Visible": true,
					"AvailableIn": [
						"US"
					]
				},
				"LocalKitchenTimer": {
					"Visible": true,
					"AvailableIn": [
						"US"
					]
				},
				"KitchenTimer": {
					"Visible": true,
					"AvailableIn": [
						"US"
					]
				},
				"AssistedCooking": {
					"Visible": true,
					"AvailableIn": [
						"US"
					]
				},
				"CyclesHistory": {
					"Visible": true,
					"AvailableIn": [
						"US",
						"CA"
					]
				},
				"MyCreations": {
					"Visible": true,
					"AvailableIn": [
						"US",
						"CA"
					]
				},
				"FavoriteCycles": {
					"Visible": true,
					"AvailableIn": [
						"US",
						"CA"
					]
				},
				"SabbathMode": {
					"Visible": true,
					"AvailableIn": [
						"US",
						"CA"
					]
				},
				"ApplianceDocuments": {
					"Visible": true,
					"AvailableIn": [
						"US",
						"CA"
					]
				}
			},
			"ConversionMapping": {
				"Time": [
					"SetTime",
					"TimeSet",
					"TimeElapsed",
					"TimeRemaining"
				],
				"Temperature": [
					"Temp"
				],
				"DateTime": [
					"DelayTime"
				],
				"TempDisplayUnit143": "SystemSettings_TempDisplayUnits",
				"TempDisplayUnit144": "Sys_DisplaySetTempUnits"
			}
		},
		"Refrigerator": {
			"Features": {
				"ControlLock": {
					"Visible": true,
					"AvailableIn": [
						"US",
						"CA"
					]
				},
				"MaxCool": {
					"Visible": true,
					"AvailableIn": [
						"US",
						"CA"
					]
				},
				"IceMaker": {
					"Visible": true,
					"AvailableIn": [
						"US",
						"CA"
					]
				},
				"MaxIce": {
					"Visible": true,
					"AvailableIn": [
						"US",
						"CA"
					]
				},
				"Notifications": {
					"Visible": true,
					"AvailableIn": [
						"US",
						"CA"
					]
				},
				"EnergyHistory": {
					"Visible": true,
					"AvailableIn": [
						"US",
						"CA"
					]
				},
				"AutoNightLight": {
					"Visible": true,
					"AvailableIn": [
						"US",
						"CA"
					]
				},
				"ModifyRefrigerator": {
					"Visible": true,
					"AvailableIn": [
						"US",
						"CA"
					]
				},
				"ModifyFreezer": {
					"Visible": true,
					"AvailableIn": [
						"US",
						"CA"
					]
				},
				"ModifyPantry": {
					"Visible": true,
					"AvailableIn": [
						"US",
						"CA"
					]
				},
				"ModifyLowerZone": {
					"Visible": true,
					"AvailableIn": [
						"US",
						"CA"
					]
				},
				"ModifyUpperZone": {
					"Visible": true,
					"AvailableIn": [
						"US",
						"CA"
					]
				},
				"ModifyCrisperDrawer": {
					"Visible": true,
					"AvailableIn": [
						"US",
						"CA"
					]
				},
				"ModifyDeliDrawer": {
					"Visible": true,
					"AvailableIn": [
						"US",
						"CA"
					]
				},
				"ApplianceDocuments": {
					"Visible": true,
					"AvailableIn": [
						"US",
						"CA"
					]
				},
				"CavityBrightness": {
					"Visible": true,
					"AvailableIn": [
						"US",
						"CA"
					]
				},
				"SabbathMode": {
					"Visible": true,
					"AvailableIn": [
						"US",
						"CA"
					]
				}
			},
			"ConversionMapping": {
				"Time": [
					"SetTime",
					"TimeSet",
					"TimeElapsed",
					"TimeRemaining"
				],
				"Temperature": [
					"TargetTemp"
				],
				"DateTime": [
					"DelayTime"
				],
				"TempDisplayUnit144": "Sys_DisplaySetTempUnits"
			}
		},
		"DishWasher": {
			"Features": {
				"QuietMode": {
					"Visible": true,
					"AvailableIn": [
						"US",
						"CA"
					]
				},
				"SabbathMode": {
					"Visible": true,
					"AvailableIn": [
						"US",
						"CA"
					]
				},
				"SetDishWasher": {
					"Visible": true,
					"AvailableIn": [
						"US",
						"CA"
					]
				},
				"DishFilterStatus": {
					"Visible": true,
					"AvailableIn": [
						"US",
						"CA"
					]
				},
				"Notifications": {
					"Visible": true,
					"AvailableIn": [
						"US",
						"CA"
					]
				},
				"FaultCodes": {
					"Visible": true,
					"AvailableIn": [
						"US",
						"CA"
					]
				},
				"ApplianceDocuments": {
					"Visible": true,
					"AvailableIn": [
						"US",
						"CA"
					]
				}
			},
			"ConversionMapping": {
				"Time": [

				],
				"Temperature": [

				],
				"DateTime": [

				]
			}
		},
        "FabricCare": {
            "Features": {
                "ControlLock": {
                    "Visible": true,
                    "AvailableIn": [
                        "US",
                        "CA"
                    ]
                },
                "RemoteStatus": {
                    "Visible": true,
                    "ReadOnly": true,
                    "AvailableIn": [
                        "US",
                        "CA"
                    ]
                },
                "QuietMode": {
                    "Visible": true,
                    "AvailableIn": [
                        "US",
                        "CA"
                    ]
                },
                "SetCycle": {
                    "Visible": true,
                    "AvailableIn": [
                        "US",
                        "CA"
                    ]
                },
                "SetDownloadAndGo": {
                    "Visible": true,
                    "AvailableIn": [
                        "US",
                        "CA"
                    ]
                },
                "SetLoadandGoDispenser": {
                    "Visible": true,
                    "AvailableIn": [
                        "US",
                        "CA"
                    ]
                },
                "SetUtilityCycle": {
                    "Visible": true,
                    "AvailableIn": [
                        "US",
                        "CA"
                    ]
                },
                "FavoriteCycles": {
                    "Visible": true,
                    "AvailableIn": [
                        "US",
                        "CA"
                    ]
                },
                "CyclesHistory": {
                    "Visible": true,
                    "AvailableIn": [
                        "US",
                        "CA"
                    ]
                },
                "Notifications": {
                    "Visible": true,
                    "AvailableIn": [
                        "US",
                        "CA"
                    ]
                },
                "FaultCodes": {
                    "Visible": true,
                    "AvailableIn": [
                        "US",
                        "CA"
                    ]
                },
                "ApplianceDocuments": {
                    "Visible": true,
                    "AvailableIn": [
                        "US",
                        "CA"
                    ]
                }
            },
            "ConversionMapping": {
                "Time": [ 
					"SetTime",
					"TimeSet",
					"TimeElapsed",
					"TimeRemaining"],
                "Temperature": [],
                "DateTime": [
					"DelayTime"
				]
            }
		},
		"AirConditioner": {
			"Features": {
				"QuietMode": {
					"Visible": true,
					"AvailableIn": [
						"US",
						"CA"
					]
				},
				"SabbathMode": {
					"Visible": true,
					"AvailableIn": [
						"US",
						"CA"
					]
				},
				"Notifications": {
					"Visible": true,
					"AvailableIn": [
						"US",
						"CA"
					]
				},
				"FaultCodes": {
					"Visible": true,
					"AvailableIn": [
						"US",
						"CA"
					]
				},
				"ApplianceDocuments": {
					"Visible": true,
					"AvailableIn": [
						"US",
						"CA"
					]
				}
			},
			"ConversionMapping": {
				"Time": [
					"SetTime",
					"TimeSet",
					"TimeElapsed",
					"TimeRemaining"
				],
				"Temperature": [
					"Temp"
				],
				"DateTime": [
					"DelayTime"
				]
			}
		}
	}
}

