{
    "Header": {
        "title": "ApplianceDocuments",
        "version": "1.0",
        "createdAt": "MAR 22, 2019 6:30:00 PM",
        "modifiedDate": "",
        "createdBy": "Venkat Boddapati",
        "Description": ""
    },
    "Data": {
        "Manuals": {
            "DDM_LAUNDRY_RADIANT_NAR_COMBO_V1": [{
                "Title": "Warranty",
                "FilePath": "NAR/WHIRLPOOL/DDM_LAUNDRY_RADIANT_NAR_COMBO_V1/DOCS/ENG/W11114293A_Install_UseCare_Warranty_WFC8090GX_RADIANT.pdf"
            },
            {
                "Title": "Use & Care Guide",
                "FilePath": "NAR/WHIRLPOOL/DDM_LAUNDRY_RADIANT_NAR_COMBO_V1/DOCS/ENG/W11114293A_Install_UseCare_Warranty_WFC8090GX_RADIANT.pdf"
            },
            {
                "Title": "Installation Instructions",
                "FilePath": "NAR/WHIRLPOOL/DDM_LAUNDRY_RADIANT_NAR_COMBO_V1/DOCS/ENG/W11114293A_Install_UseCare_Warranty_WFC8090GX_RADIANT.pdf"
            },
            {
                "Title": "Dimension Guide",
                "FilePath": "NAR/WHIRLPOOL/DDM_LAUNDRY_RADIANT_NAR_COMBO_V1/DOCS/ENG/W11114293A_Install_UseCare_Warranty_WFC8090GX_RADIANT.pdf"
            },
            {
                "Title": "Quick Reference Guide",
                "FilePath": "NAR/WHIRLPOOL/DDM_LAUNDRY_RADIANT_NAR_COMBO_V1/DOCS/ENG/W11132544AQuickReferenceWFC8090GX_RADIANT.pdf"
            }
            ],
            "DDM_LAUNDRY_JANUS_WASHER_INDIGO_WHIRLPOOL_DVT_V1": [
                
                {
                    "Title": "Use and Care Guide",
                    "FilePath": "NAR/WHIRLPOOL/DDM_LAUNDRY_JANUS_WASHER_INDIGO_WHIRLPOOL_DVT_V1/DOCS/ENG/W11339488A.pdf"
                },
                {
                    "Title": "Installation Instructions",
                    "FilePath": "NAR/WHIRLPOOL/DDM_LAUNDRY_JANUS_WASHER_INDIGO_WHIRLPOOL_V1/DOCS/ENG/W11156977A.pdf"
                },
                {
                    "Title": "Quick Reference Guide",
                    "FilePath": "NAR/WHIRLPOOL/DDM_LAUNDRY_JANUS_WASHER_INDIGO_WHIRLPOOL_DVT_V1/DOCS/ENG/W11339711A.pdf"
                }
            ],
            "DDM_LAUNDRY_JANUS_WASHER_INDIGO_WHIRLPOOL_V1": [{
                "Title": "Use and Care Guide",
                "FilePath": "NAR/WHIRLPOOL/DDM_LAUNDRY_JANUS_WASHER_INDIGO_WHIRLPOOL_V1/DOCS/ENG/W11201742A.pdf"
            },
            {
                "Title": "Installation Instructions",
                "FilePath": "NAR/WHIRLPOOL/DDM_LAUNDRY_JANUS_WASHER_INDIGO_WHIRLPOOL_V1/DOCS/ENG/W11156977A.pdf"
            },
            {
                "Title": "Quick Reference Guide",
                "FilePath": "NAR/WHIRLPOOL/DDM_LAUNDRY_JANUS_WASHER_INDIGO_WHIRLPOOL_V1/DOCS/ENG/W11219943A.pdf"
            }
            ],
            "DDM_Washer_V10K_V1": [{
                "Title": "FCC Information Form",
                "FilePath": "NAR/WHIRLPOOL/DDM_Washer_V10K_V1/Docs/eng/FCC_Information_Form.pdf"
            },
            {
                "Title": "Use & Care Guide",
                "FilePath": "NAR/WHIRLPOOL/DDM_Washer_V10K_V1/Docs/eng/Washer_Use_and_Care_Guide.pdf"
            },
            {
                "Title": "Installation Instructions",
                "FilePath": "NAR/WHIRLPOOL/DDM_Washer_V10K_V1/Docs/eng/Washer_Installation_Guide.pdf"
            }
            ],
            "DDM_Washer_SmartGrid_V1": [{
                "Title": "Use & Care Guide",
                "FilePath": "NAR/WHIRLPOOL/DDM_Washer_SmartGrid_V1/Docs/eng/Washer_Use_and_Care_Guide.pdf"
            },
            {
                "Title": "Smart Supplement",
                "FilePath": "NAR/WHIRLPOOL/DDM_Washer_SmartGrid_V1/Docs/eng/Washer_Smart_Supplement.pdf"
            },
            {
                "Title": "Smart Start Guide",
                "FilePath": "NAR/WHIRLPOOL/DDM_Washer_SmartGrid_V1/Docs/eng/SmartStartGuide.pdf"
            },
            {
                "Title": "FCC Information Form",
                "FilePath": "NAR/WHIRLPOOL/DDM_Washer_SmartGrid_V1/Docs/eng/FCC_Information_Form.pdf"
            },
            {
                "Title": "Installation Instructions",
                "FilePath": "NAR/WHIRLPOOL/DDM_Washer_SmartGrid_V1/Docs/eng/Washer_Installation_Guide.pdf"
            }
            ],
            "DDM_LAUNDRY_VMAX20_WHIRLPOOL_DRYER8_V1": [{
                "Title": "Use and Care Guide",
                "FilePath": ""
            },
            {
                "Title": "Installation Instructions",
                "FilePath": ""
            },
            {
                "Title": "Quick Reference Guide",
                "FilePath": ""
            }
            ],
            "DDM_LAUNDRY_VMAX20_WHIRLPOOL_WASHER_V1": [],
            "DDM_LAUNDRY_JANUS_DRYER_INDIGO_WHIRLPOOL_V1": [{
                "Title": "Use and Care Guide",
                "FilePath": "NAR/WHIRLPOOL/DDM_LAUNDRY_JANUS_DRYER_INDIGO_WHIRLPOOL_V1/DOCS/ENG/W11204389A.pdf"
            },
            {
                "Title": "Installation Instructions",
                "FilePath": "NAR/WHIRLPOOL/DDM_LAUNDRY_JANUS_DRYER_INDIGO_WHIRLPOOL_V1/DOCS/ENG/W11183136A.pdf"
            },
            {
                "Title": "Quick Reference Guide",
                "FilePath": "NAR/WHIRLPOOL/DDM_LAUNDRY_JANUS_DRYER_INDIGO_WHIRLPOOL_V1/DOCS/ENG/W11184897A.pdf"
            }
            ],
            "DDM_Dryer_V10K_V1": [{
                "Title": "FCC Information Form",
                "FilePath": "NAR/WHIRLPOOL/DDM_Dryer_V10K_V1/Docs/eng/FCC_Information_Form.pdf"
            },
            {
                "Title": "Use & Care Guide",
                "FilePath": "NAR/WHIRLPOOL/DDM_Dryer_V10K_V1/Docs/eng/Dryer_Use_and_Care_Guide.pdf"
            },
            {
                "Title": "Installation Instructions",
                "FilePath": "NAR/WHIRLPOOL/DDM_Dryer_V10K_V1/Docs/eng/Dryer_Installation_Guide.pdf"
            }
            ],
            "DDM_Dryer_SmartGrid_V1": [{
                "Title": "Use & Care Guide",
                "FilePath": "NAR/WHIRLPOOL/DDM_Dryer_SmartGrid_V1/Docs/eng/Dryer_Use_and_Care_Guide.pdf"
            },
            {
                "Title": "Smart Supplement",
                "FilePath": "NAR/WHIRLPOOL/DDM_Dryer_SmartGrid_V1/Docs/eng/Dryer_Smart_Supplement.pdf"
            },
            {
                "Title": "Smart Start Guide",
                "FilePath": "NAR/WHIRLPOOL/DDM_Dryer_SmartGrid_V1/Docs/eng/SmartStartGuide.pdf"
            },
            {
                "Title": "FCC Information Form",
                "FilePath": "NAR/WHIRLPOOL/DDM_Dryer_SmartGrid_V1/Docs/eng/FCC_Information_Form.pdf"
            },
            {
                "Title": "Installation Instructions",
                "FilePath": "NAR/WHIRLPOOL/DDM_Dryer_SmartGrid_V1/Docs/eng/Dryer_Installation_Guide.pdf"
            }
            ]
        }
    }
}
