{
    "Header": {
      "title": "ExtendedServicePlans.json",
      "version": "1.0",
      "createdAt": "Aug 16, 2018 2:30:00 PM",
      "modifiedDate": "",
      "createdBy": "Victor Rosas",
      "Description": "Whirlpool Extended Service Plans Configuration"
    },
    "Data": {
      "DDM_LAUNDRY_RADIANT_NAR_COMBO_V1": [
        {
          "ExtendedServicePlan": {
            "Name": "Extended Service Plan",
            "Description": "Extended Service Plan",
            "Disclaimer": "Extended Service Plan",
            "SupplyLocations": [
              {
                "Merchant": "Whirlpool",
                "AvailableIn": [
          "US"
        ],
                "url": "https://serviceplans.whirlpool.com/"
              }
            ]
          }
        }
      ],
      "DDM_LAUNDRY_JANUS_WASHER_INDIGO_WHIRLPOOL_DVT_V1": [
        {
          "ExtendedWarranty": {
            "Name": "Extended Warranty",
            "Description": "Extended Warranty",
            "Disclaimer": "Extended Warranty",
            "SupplyLocations": [
              {
                "Merchant": "Whirlpool",
                "url": "https://serviceplans.whirlpool.com/",
                "AvailableIn": [
          "US"
        ]
              }
            ]
          }
        }
      ],
      "DDM_LAUNDRY_JANUS_WASHER_INDIGO_WHIRLPOOL_V1": [
        {
          "ExtendedWarranty": {
            "Name": "Extended Warranty",
            "Description": "Extended Warranty",
            "Disclaimer": "Extended Warranty",
            "SupplyLocations": [
              {
                "Merchant": "Whirlpool",
                "url": "https://serviceplans.whirlpool.com/",
                "AvailableIn": [
          "US"
        ]
              }
            ]
          }
        }
      ],
      "DDM_Washer_V10K_V1": [
        {
          "ExtendedWarranty": {
            "Name": "Extended Warranty",
            "Description": null,
            "Disclaimer": null,
            "SupplyLocations": [
              {
                "Merchant": "Whirlpool",
                "url": "https://serviceplans.whirlpool.com/",
                "AvailableIn": [
          "US"
        ]
              }
            ]
          }
        }
      ],
      "DDM_Washer_SmartGrid_V1": [
        {
          "ExtendedWarranty": {
            "Name": "Extended Warranty",
            "Description": null,
            "Disclaimer": null,
            "SupplyLocations": [
              {
                "Merchant": "Whirlpool",
                "AvailableIn": [
          "US"
        ],
                "url": "https://serviceplans.whirlpool.com/"
              }
            ]
          }
        }
      ],
      "DDM_LAUNDRY_VMAX20_WHIRLPOOL_DRYER8_V1": [
        {
          "ExtendedWarranty": {
            "Name": "Extended Warranty",
            "Description": "Extended Warranty",
            "Disclaimer": "Extended Warranty",
            "SupplyLocations": [
              {
                "Merchant": "Whirlpool",
                "url": "https://serviceplans.whirlpool.com/",
                "AvailableIn": [
          "US"
        ]
              }
            ]
          }
        }
      ],
      "DDM_LAUNDRY_VMAX20_WHIRLPOOL_WASHER8_V1": [
        {
          "ExtendedWarranty": {
            "Name": "Extended Warranty",
            "Description": "Extended Warranty",
            "Disclaimer": "Extended Warranty",
            "SupplyLocations": [
              {
                "Merchant": "Whirlpool",
                "url": "https://serviceplans.whirlpool.com/",
                "AvailableIn": [
          "US"
        ]
              }
            ]
          }
        }
      ],
      "DDM_LAUNDRY_JANUS_DRYER_INDIGO_WHIRLPOOL_V1": [
        {
          "ExtendedWarranty": {
            "Name": "Extended Warranty",
            "Description": "Extended Warranty",
            "Disclaimer": "Extended Warranty",
            "SupplyLocations": [
              {
                "Merchant": "Whirlpool",
                "url": "https://serviceplans.whirlpool.com/",
                "AvailableIn": [
          "US"
        ]
              }
            ]
          }
        }
      ],
      "DDM_Dryer_V10K_V1": [
        {
          "ExtendedWarranty": {
            "Name": "Extended Warranty",
            "Description": null,
            "Disclaimer": null,
            "SupplyLocations": [
              {
                "Merchant": "Whirlpool",
                "url": "https://serviceplans.whirlpool.com/",
                "AvailableIn": [
          "US"
        ]
              }
            ]
          }
        }
      ],
      "DDM_Dryer_SmartGrid_V1": [
        {
          "ExtendedWarranty": {
            "Name": "Extended Warranty",
            "Description": null,
            "Disclaimer": null,
            "SupplyLocations": [
              {
                "Merchant": "Whirlpool",
                "AvailableIn": [
          "US"
        ],
                "url": "https://serviceplans.whirlpool.com/"
              }
            ]
          }
        }
      ]
    }
  }