{
    "Header": {
        "title": "Eng Localization",
        "version": "0.0",
        "createdAt": "Oct 22, 2018 6:30:00 PM",
        "modifiedDate": "Oct 22, 2018 6:30:00 PM",
        "createdBy": "Venkat Boddapati",
        "Description": ""
    },
    "Data": {
        "kCookTop": "Cooktop",
        "KProductNameLoki": "Loki Cooktop",
        "kFindSaidInfoLoki": "The SAID is a unique identification number for your appliance. Please see image to locate the position of your SAID.",
        "kFindConnectButtonDescriptionLoki": "Find the 'Connect' button located on your surface as shown in the image and press it.",
        "KClearNetworkInstructionsLoki": "Press and hold connect button as shown in the image for 3 seconds to clear the network settings ",
        "kFreezer": "Freezer",
        "KProductNameOberonFreezer": "Oberon Freezer",
        "kFindSaidInfoOberonFreezer": "The SAID is a unique identification number for your appliance. Please see image to locate the position of your SAID.",
        "kFindConnectButtonDescriptionOberonFreezer": "Find the 'Connect' button on the user interface inside the product as shown in the image and press it",
        "KClearNetworkInstructionsOberonFreezer": "Press and hold CONNECT on the control panel for 15 seconds. \n The Wi-Fi status indicator on the appliance control panel will blink slowly while your appliance and router attempt to connect. \n If the connection is successful, the Wi-Fi status indicator will illuminate and remain lit.",
        "kRefrigerator": "Refrigerator",
        "KProductNameOberonRefrigerator": "Oberon Refrigerator",
        "kFindSaidInfoOberonRefrigerator": "The SAID is a unique identification number for your appliance. Please see image to locate the position of your SAID.",
        "kFindConnectButtonDescriptionOberonRefrigerator": "Find the 'Connect' button on the user interface inside the product as shown in the image and press it",
        "KClearNetworkInstructionsOberonRefrigerator": "Press and hold CONNECT on the control panel for 15 seconds. \n The Wi-Fi status indicator on the appliance control panel will blink slowly while your appliance and router attempt to connect. \n If the connection is successful, the Wi-Fi status indicator will illuminate and remain lit.",
        "kWallOven": "Wall Oven",
        "KProductNameMinervaOven": "Minerva Oven",
        "kFindSaidInfoMinervaOven": "{step} Go to your Tools Screen {step} Wireless features {step} SAID \n As this product doesn't have the QR code, Kindly use the Manual method to Enter the SAID and MAC Id.",
        "kFindConnectButtonDescriptionMinervaOven": "To get started, connect your oven to your home network. \n To connect your appliance to the internet, follow these instructionson your appliance LCD screen.{step} Tap the \"Tools\" button on the display {step} Scroll down to \"Wireless Features\" {step} Find \"Connect Network\" on the screen and then tap \"Edit\" {step} Tap the \"Search Network\" button {step} Select your home network name, and {step} Enter the password",
        "KClearNetworkInstructionsMinervaOven": "To clear the network settings, follow these instructionson your appliance LCD screen. {step}Tap the \"Tools\" button on the display {step} Scroll down to \"Wireless Features\" {step} Select \"Disble Wifi\"",
        "kFreeStandingOven": "Free Standing Oven",
        "KProductNameU2Oven": "U2 Oven",
        "kFindSaidInfoU2Oven": "The SAID is a unique identification number for your appliance. Please see image to locate the position of your SAID.",
        "kFindConnectButtonDescriptionU2": "On your appliance, please follow these instructions: {step} Set all knobs to the \"Wifi\" setting. {step} Once the knobs are in position, press the \"Start\" button on your appliance.",
        "KClearNetworkInstructionsU2Oven": "On your appliance, please follow these instructions: {step} Set all knobs to the \"Wifi\" setting. {step} Once the knobs are in position, hold the \"Start\" button on your appliance for 15 seconds.",
        "kDishawasher": "Dishwasher",
        "KProductNameJADish": "Ja Dishwasher",
        "KProductNameProluxDish": "Prolux Dishwasher",
        "kFindSaidInfoJADish": "The SAID Label is a unique identification number for your appliance. It is located on the inside panel of the dishwasher door.",
        "kFindConnectButtonDescriptionJADish": "On your appliance, please follow these instructions: {step} Press Connect Button. The WiFi icon will start blinking",
        "KClearNetworkInstructionsJADish": "On your appliance, please follow these instructions: {step} Press and hold the Connect button for 15 seconds to clear the network settings",
        "kRefrigeratorAllinone": "Refrigerator All-In-One",
        "KProductNameBellaRefrigerator": "Bella Refrigerator",
        "kFindSaidInfoBellaRefrigerator": "The SAID is a unique identification number for your appliance. Please see image to locate the position of your SAID.",
        "kFindConnectButtonDescriptionBella": "Find the 'Connect' button on the user interface inside the product as shown in the image and press it",
        "KClearNetworkInstructionsBella": "Press and hold CONNECT on the control panel for 30 seconds. \n The Wi-Fi status indicator on the appliance control panel will blink slowly while your appliance and router attempt to connect. \n If the connection is successful, the Wi-Fi status indicator will illuminate and remain lit.",
        "settings.settings" : "SETTINGS",
        "settings.account_settings" : "ACCOUNT SETTINGS",
        "settings.account_settings_description" : "View/Edit settings for your account",
        "settings.service_support" : "SERVICE AND SUPPORT",
        "settings.service_support_description" : "Engage with Epicenter Specialists & resources",
        "settings.smart_home_integrations" : "SMART HOME INTEGRATIONS",
        "settings.smart_home_integrations_description" : "Connect your appliances with other smart home devices to unlock more possibilities",
        "settings.guest_user" : "GUEST USERS",
        "settings.guest_user_description" : "Add multiple guests to your account",
        "settings.give_us_feedback" : "GIVE US FEEDBACK",
        "settings.give_us_feedback_description" : "Rate your experience and report bugs",
        "settings.about" : "ABOUT",
        "settings.about_description" : "View Privacy Policy and Terms of Service",
        "settings.account_settings.settings" : "Settings",
        "settings.account_settings.account_settings" : "ACCOUNT SETTINGS",
        "settings.account_settings.edit_user_details" : "EDIT USER DETAILS",
        "settings.account_settings.manage_locations" : "MANAGE LOCATIONS",
        "settings.account_settings.change_password" :"CHANGE PASSWORD",
        "settings.account_settings.accounts_i_belong":"ACCOUNTS I BELONG TO",
        "settings.account_settings.sign_out":"SIGN OUT",
        "settings.edit_user_details.account_settings":"Account Settings",
        "settings.edit_user_details.edit_user_details":"EDIT USER DETAILS",
        "settings.edit_user_details.first_name":"First Name",
        "settings.edit_user_details.last_name":"Last Name",
        "settings.edit_user_details.phone_number":"Phone Number",
        "settings.edit_user_details.email_address":"Email Address",
        "settings.edit_user_details.save_changes":"SAVE CHANGES",
        "settings.edit_user_details.delete_account":"DELETE ACCOUNT",
        "settings.account_saved.account_saved":"ACCOUNT SAVED",
        "settings.account_saved.account_saved_details":"Your account changes have been successfully saved.",
        "settings.account_saved.done":"DONE",
        "settings.account_deleted.account_deleted":"ACCOUNT DELETED",
        "settings.account_deleted.account_deleted_details":"Your account has been successfully deleted.",
        "settings.account_deleted.done":"DONE",
        "settings.manage_locations1.account_settings":"Account Settings",
        "settings.manage_locations1.manage_locations":"MANAGE LOCATIONS",
        "settings.manage_locations1.add_location":"ADD LOCATION",
        "settings.manage_locations2.account_settings":"Account Settings",
        "settings.manage_locations2.manage_locations":"ADD LOCATION",
        "settings.manage_locations2.home_name":"Home Name",
        "settings.manage_locations2.address_line_1":"Address Line 1",
        "settings.manage_locations2.address_line_2":"Address Line 2",
        "settings.manage_locations2.country":"Country",
        "settings.manage_locations2.state":"State",
        "settings.manage_locations2.city":"City",
        "settings.manage_locations2.zip_code":"Zip Code",
        "settings.manage_locations2.save":"Save",
        "settings.manage_locations2.delete":"Delete",
        "settings.password_changed.password_changed":"PASSWORD CHANGED",
        "settings.password_changed.password_changed_details":"Your password has been successfully changed.",
        "settings.password_changed.done":"DONE",
        "settings.change_your_password.account.settings":"Account Settings",
        "settings.change_your_password.change_your_password":"CHANGE YOUR PASSWORD",
        "settings.change_your_password.change_your_password_details":"Use a minumum password length of 8 or more characters. Include lowercase and uppercase alphabetic characters and numbers.",
        "settings.change_your_password.old_password":"Old Password",
        "settings.change_your_password.new_password":"New Password",
        "settings.change_your_password.confirm_password":"Confirm Password",
        "settings.change_your_password.show_password":"Show Password",
        "settings.change_your_password.match_details":"Password did not match, please re-enter.",
        "settings.change_your_password.next":"NEXT",
        "settings.accounts_im_on.accounts_im_on":"ACCOUNTS I'M ON",
        "settings.accounts_im_on.details":"You are not a guest on any accounts currently. If you were sent an invitation and haven't accepted it yet, please check your email.",
        "settings.accounts_im_on2.accounts_settings":"Account Settings",
        "settings.accounts_im_on2.accounts_im_on":"ACCOUNTS I'M ON",
        "settings.invite_sent.invite_sent":"INVITE SENT",
        "settings.invite_sent.details":"Your invite has been emailed to your guest.",
        "settings.invite_sent.close":"CLOSE",
        "settings.delete_invite":"DELETE INVITE",
        "settings.delete_invite.delete_invite_details":"If you delete this invite the guest user will no longer have access to your appliances.",
        "settings.delete_invite.delete_invite":"DELETE INVITE",
        "settings.delete_invite.delete_invite.close":"CLOSE",
        "settings.sure_log_out":"ARE YOU SURE YOU WANT TO SIGN OUT?",
        "settings.sure_log_out.details":"If you logout, you will no longer receive notifications.",
        "settings.sure_log_out.log_out":"SIGN OUT",
        "settings.sure_log_out.cancel":"CANCEL",
        "settings.delete_location":"DELETE LOCATION",
        "settings.delete_location.details":"If you delete your location, you will no longer have access to registered appliances.",
        "settings.delete_location.delete":"DELETE",
        "settings.delete_location.close":"CLOSE",
        "settings.sure_delete_account":"ARE YOU SURE YOU WANT TO DELETE THIS ACCOUNT?",
        "settings.sure_delete_account.details":"Deleting this account will clear all appliance data from this device.",
        "settings.sure_delete_account.delete":"DELETE",
        "settings.sure_delete_account.close":"CLOSE",
        "settings.manage_locations3.manage_locations":"MANAGE LOCATIONS",
        "settings.manage_locations3.manage_locations_details":"You do not have any locations created on this account",
        "settings.manage_locations3.add_location":"ADD LOCATION",
        "settings.guest_access1.add_guest_access":"ADD GUEST ACCESS",
        "settings.guest_access1.add_family_details":"Add family, guests, and help to your appliances so they can command and control them digitally. Guest users won't be able to change your account settings, add or delete appliances.",
        "settings.guest_access1.add_guest":"ADD GUEST",
        "setting.guest_user.settings":"Settings",
        "setting.guest_user.guest_user":"GUEST USERS",
        "setting.guest_user.current_guest_users":"CURRENT GUEST USERS",
        "setting.guest_user.pending_invitation":"Pending Invitation",
        "setting.guest_user.denied_invitation":"Denied Invitation",
        "setting.guest_user.accepted_invitation":"Accepted Invitation",
        "settings.guest_user.add_guest":"ADD GUEST",
        "settings.add_guest_access.settings":"Settings",
        "settings.add_guest_access.add_guest_access":"ADD GUEST USERS",
        "settings.add_guest_access.first_name":"FIRST NAME",
        "settings.add_guest_access.last_name":"LAST NAME",
        "settings.add_guest_access.email_address":"EMAIL",
        "settings.add_guest_access.add_location":"LOCATIONS",
        "settings.add_guest_access.add_location_details":"Select a location where you would like to add the guest to:",
        "settings.guest_access.send_invite":"SEND INVITE",
        "settings.service_support.settings":"Settings",
        "settings.service_support.service_support":"SERVICE & SUPPORT",
        "settings.service_support.appliance_name":"Appliance Name",
        "settings.service_support.model":"Model",
        "settings.service_support.said":"SAID",
        "settings.service_support.serial":"Serial",
        "settings.service_support.start_date":"Start Date",
        "settings.service_support.contact_support":"CONTACT SUPPORT",
        "settings.service_support.contact_support_details":"M-F 8am - 8pm EST",
        "settings.service_support.schedule_service":"SCHEDULE SERVICE",
        "settings.service_support.schedule_service_details":"Make an Appointment",
        "settings.service_support.documents":"DOCUMENTS",
        "settings.service_support.documents_details":"Important Manuals & Guides",
        "settings.service_support.appliance_errors":"APPLIANCE ERRORS",
        "settings.service_support.appliance_errors_details":"Insights & Information",
        "settings.contact_support.contact_support":"CONTACT SUPPORT",
        "settings.contact_support.contact_support_details":"Questions or comments? You can reach us by making a call to this number: 1-800-JENNAIR.",
        "settings.contact_support.close":"CLOSE",
        "settings.documents.documents":"DOCUMENTS",
        "settings.appliance_errors.appliance_error":"APPLIANCE ERRORS",
        "settings.appliance_errors.appliance_name":"Appliance Name",
        "settings.appliance_errors.model":"Model",
        "settings.appliance_errors.said":"SAID",
        "settings.appliance_errors.serial":"Serial",
        "settings.appliance_errors.start_date":"Start Date",
        "settings.error_code.error_code":"ERROR CODE",
        "settings.error_code.its_fixed":"IT'S FIXED",
        "settings.feedback.settings":"Settings",
        "settings.feedback.feedback":"FEEDBACK",
        "settings.feedback.general_feedback":"GENERAL FEEDBACK",
        "settings.feedback.general_feedback_details":"Rate your experience",
        "settings.feedback.feature_feedback":"FEATURE-SPECIFIC FEEDBACK",
        "settings.feedback.feature_feedback_details":"Rate your APP features",
        "settings.feedback.report_bug":"REPORT A BUG",
        "settings.feedback.report_bug_details":"Report APP issues",
        "settings.general_feedback1.settings":"Settings",
        "settings.general_feedback1.general_feedback":"GENERAL FEEDBACK",
        "settings.general_feedback1.general_feedback_details":"On a scale of 1 - 5, how would you rate the overall app experience?",
        "settings.general_feedback1.write_comment":"Write your comment (required)",
        "settings.general_feedback1.submit":"SUBMIT",
        "settings.feedback_sent.feedback_sent":"FEEDBACK SENT",
        "settings.feedback_sent.feedback_sent_details":"Which product and feature are you experiencing an issue with?",
        "settings.feedback_sent.close":"CLOSE",
        "settings.feedback_sent.share_review":"SHARE REVIEW",
        "settings.report_bug.settings":"Settings",
        "settings.report_bug.report_a_bug":"REPORT A BUG",
        "settings.report_bug.report_a_bug_details":"Which feature are you experiencing an issue with?",
        "settings.report_bug.product_list":"Product",
        "settings.report_bug.feature_list":"Feature",
        "settings.report_bug.feature_list_details":"Please enter a detailed description of the issue.",
        "settings.report_bug.write_comment":"WRITE YOUR COMMENT (REQUIRED)",
        "settings.report_bug.submit":"SUBMIT",
        "settings.feedback_sent_general.feedback_sent":"FEEDBACK SENT",
        "settings.feedback_sent_general.feedback_sent_details":"Thank you for your feedback! We're happy to see you have been enjoying our services. Would you like to share your experience on the app store?",
        "settings.feedback_sent_general.share_review":"SHARE REVIEW",
        "settings.feedback_sent_general.close":"CLOSE",
        "settings.smart_home.settings":"Settings",
        "settings.smart_home.smart_home_integrations":"SMART HOME INTEGRATIONS",
        "settings.smart_home.nest":"NEST",
        "settings.smart_home.nest_details":"Set NEST to react to changes",
        "settings.smart_home.amazon_alexa":"AMAZON ALEXA",
        "settings.smart_home.amazon_alexa_details":"Manage functions with voice commands",
        "settings.smart_home.google_home":"GOOGLE HOME",
        "settings.smart_home.google_home_details":"Manage functions with voice commands",
        "settings.nest.smart_home_integrations":"Smart Home Integrations",
        "settings.nest.nest":"NEST",
        "settings.nest.nest_instruction":"Please ensure your JennAir smart appliance is connected to the JennAir APP and WiFi.{step}Click on Add NEST and log in to the NEST App{step}Select NEST location & start using NEST features with your compatible JennAir smart appliances",
        "settings.nest.add_nest":"ADD NEST",
        "settings.nest2.smart_home_integrations":"Smart Home Integrations",
        "settings.nest2.nest":"NEST",
        "settings.nest2.nest_details":"Set Nest Learning ThermostatsÂ® to react to the oven's rising temperature and decrease room temperature by a set number of degrees. Receive alerts when the oven is left on and no one is home, all through the app.* * Away signal can take up to two hours.",
        "settings.nest2.enter_our_realm":"ENTER OUR REALM",
        "settings.nest.learn_more":"LEARN MORE",
        "settings.amazon_alexa.smart_home_integration":"Smart Home Integrations",
        "settings.amazon_alexa.amazon_alexa":"AMAZON ALEXA",
        "settings.amazon_alexa.amazon_alexa_instructions":"Please ensure your JennAir connected appliance is connected to the JennAir APP and WiFi.{step}Open the Alexa APP and log in.{step}Click the ENABLE button, or say, 'Alexa, enable JennAir skill.{step}Enter your JennAir account username and password to link your account to Alexa'.",
        "settings.amazon_alexa.enable_skill":"ENABLE SKILL",
        "settings.amazon_alexa2.smart_home_integration":"Smart Home Integrations",
        "settings.amazon_alexa2.amazon_alexa":"AMAZON ALEXA",
        "settings.amazon_alexa2.amazon_alexa_details":"Manage functions like setting and adjusting cooking times and temperatures or turning the oven off with simple voice commands using a compatible voice enabled device.",
        "settings.amazon_alexa2.enter_our_realm":"ENTER OUR REALM",
        "settings.amazon_alexa2.learn_more":"LEARN MORE",
        "settings.google_home.smart_home_integration":"Smart Home Integrations",
        "settings.google_home.google_home":"GOOGLE HOME",
        "settings.google_home.instructions":"Please ensure your JennAir connected appliance is connected to the JennAir APP and WiFi.{step}Turn to your Google Home and say,'OK Google, ask JennAir to link my account'.{step}Google Assistant will display a LINK card in the Google Home APP. Launch the Google Home APP, and tap the Discover tab to click LINK.{step}If you don't see a LINK card, you may need to close the Google Home APP and relaunch it.{step}Enter your JennAir account username and password to link your account to Google Home.",
        "settings.google_home.add_google_device":"ADD GOOGLE ASSISTANT ENABLED DEVICE",
        "settings.google_home2.smart_home_integrations":"Smart Home Integrations",
        "settings.google_home2.google_home":"GOOGLE HOME",
        "settings.google_home2.google_home_details":"Manage functions on compatible ovens like setting and adjusting cooking times and temperatures or turning the oven off with simple voice commands using a compatible voice enabled device.",
        "settings.google_home2.enter_our_realm":"ENTER OUR REALM",
        "settings.google_home2.learn_more":"LEARN MORE",
        "settings.about.settings":"Settings",
        "settings.about.about":"About",
        "settings.about.jennair":"JennAir",
        "settings.about.version":"Version %s",
        "settings.about.privacy_statement":"Privacy Statement",
        "settings.about.terms_service":"Terms of Service",
        "settings.about.update":"Update Available",
        "settings.about.log_file":"Log File",
        "culinary_center.culinary_center":"CULINARY CENTER",
        "culinary_center.assisted_cooking":"ASSISTED COOKING",
        "culinary_center.assisted_cooking_details":"Step-by-Step guidance",
        "culinary_center.custom_recipes":"JENNAIR CUSTOM RECIPES",
        "culinary_center.custom_recipes_details":"Savor the culinary experience",
        "culinary_center.my_creations":"MY CREATIONS",
        "culinary_center.my_creations_details":"Curate staged recipes",
        "culinary_center.cook_command":"COOK ON COMMAND",
        "culinary_center.cook_command_details":"Scan and send select items to the oven",
        "culinary_center.access_yummly":"ACCESS YUMMLY",
        "culinary_center.access_yummly_details":"Inspire creativity with more recipes",
        "uam.perfection_awaits.perfection_awaits":"PERFECTION AWAITS",
        "uam.perfection_awaits.perfection_awaits_details":"With a JennAir account you can add compatible smart appliances and connect to WiFi to get real-time notifications, personalize settings or control select appliances from anywhere with remote access.",
        "uam.perfection_awaits.enter_realm":"ENTER OUR REALM",
        "uam.perfection_awaits.learn_more":"LEARN MORE",
        "uam.get_started.lets_get_started":"LET'S GET STARTED",
        "uam.get_started.enter_your_email":"ENTER YOUR EMAIL",
        "uam.get_started.next":"NEXT",
        "uam.greet_you.how_greet_you":"How Shall We Greet You?",
        "uam.greet_you.first_name":"Enter your first name",
        "uam.greet_you.last_name":"Enter your last name",
        "uam.greet_you.phone_number":"Enter your phone number",
        "uam.greet_you.next":"NEXT",
        "uam.password.your_password":"WHAT SHOULD YOUR PASSWORD BE",
        "uam.password.your_password_details":"Use a minimum password length of 8 or more characters. Include lowercase and uppercase alphabetic characters and numbers.",
        "uam.password.password":"PASSWORD",
        "uam.password.confirm_password":"CONFIRM PASSWORD",
        "uam.password.password_doesnt_match":"Password doesn't match, please re-enter",
        "uam.password.next":"NEXT",
        "uam.terms_conditions.terms_and_conditions":"TERMS AND CONDITIONS",
        "uam.terms_conditions.privacy_statement":"PRIVACY STATEMENT",
        "uam.terms_conditions.accept_privacy_statement":"Accept Privacy Statement",
        "uam.terms_conditions.terms_of_service":"TERMS OF SERVICE",
        "uam.terms_conditions.accept_terms_service":"Accept Terms of Service",
        "uam.terms_conditions.next":"NEXT",
        "uam.validate_email.validate_email":"VALIDATE EMAIL",
        "uam.validate_email.validate_email_details":"An email has been sent to %s. Please follow the instructions to validate and enter your account.",
        "uam.validate_email.not_you":"NOT YOU?",
        "uam.validate_email.resend":"RESEND",
        "uam.validate_email.close":"CLOSE",
        "uam.welcome_back1.welcome_back_name":"WELCOME BACK,%s",
        "uam.welcome_back1.enter_password":"ENTER PASSWORD",
        "uam.welcome_back1.password":"PASSWORD",
        "uam.welcome_back1.show_password":"Show Password",
        "uam.welcome_back1.next":"NEXT",
        "uam.welcome_back1.keep_me_logged":"Keep Me Logged In",
        "uam.welcome_back1.forgot_password":"FORGOT PASSWORD",
        "uam.welcome_back1.not_you":"NOT YOU?",
        "uam.reset_password.reset_password":"RESET YOUR PASSWORD",
        "uam.reset_password.reset_password_details":"Enter your account email to receive instructions on how to reset your password.",
        "uam.reset_password.send":"SEND",
        "uam.reset_password.close":"CLOSE",
        "uam.email_resent.email_resent":"EMAIL RESENT",
        "uam.email_resent.email_resent_details":"An email has been sent your %s. Please follow instructions to reset your password.",
        "uam.email_resent.done":"DONE",
        "uam.welcome_back2.welcome_back_name":"WELCOME BACK,%s",
        "uam.welcome_back2.enter_password":"ENTER PASSWORD",
        "uam.welcome_back2.show_password":"Show Password",
        "uam.welcome_back2.incorrect_password":"Incorrect password, please re-enter.",
        "uam.welcome_back2.next":"NEXT",
        "uam.welcome_back2.keep_me_logged":"Keep Me Logged In",
        "uam.welcome_back2.forgot_password":"FORGOT PASSWORD",
        "uam.welcome_back2.not_you":"NOT YOU?",
        "uam.activate_account.activate_account":"ACTIVATE ACCOUNT",
        "uam.activate_account.activate_account_details":"Your account is locked or deactivated. To reset, please click on 'forgot password' link below.",
        "uam.activate_account.forgot_password":"FORGOT PASSWORD",
        "uam.activate_account.close":"CLOSE",
        "s2c.get_connected1.get_connected":"Let's get Connected",
        "s2c.get_connected1.get_connected_details":"To add an appliance, connect your WiFi enabled device to your WiFi network, checking to ensure your router supports 2.4GHz networks.",
        "s2c.get_connected1.begin":"BEGIN",
        "s2c.get_connected1.cancel":"CANCEL",
        "s2c.scan_connect1.scan_connect":"Scan To Connect",
        "s2c.scan_connect1.scan_said":"SCAN CODE",
        "s2c.scan_connect1.no_code":"NO CODE",
        "s2c.scan_connect1.need_help":"NEED HELP?",
        "s2c.scan_connect2.scan_connect":"SCAN TO CONNECT",
        "s2c.scan_connect2.scan_said":"Scan SAID Label",
        "s2c.scan_connect2.add_appliance_details":"Find QR code and scan to begin the process.",
        "s2c.scan_connect2.cant_find_code":"CAN'T FIND CODE?",
        "s2c.scan_connect2.enter_manually":"ENTER MANUALLY",
        "s2c.scan_connect2.close":"CLOSE",
        "s2c.claim_appliance.claiming_appliance":"MANUALLY ENTER CODE",
        "s2c.claim_appliance.enter_said":"ENTER SAID",
        "s2c.claim_appliance.enter_mac":"Enter MAC ID",
        "s2c.claim_appliance.enter":"NEXT",
        "s2c.claim_appliance2.claiming_appliance":"Claiming Appliance...",
        "s2c.prep_connection1.prep_connection":"Prep for Connection",
        "s2c.prep_connection1.prep_connection_details":"To begin connecting your appliance, make sure you are in the vicinity of your appliance and follow the instructions below.",
        "s2c.prep_connection1.next":"NEXT",
        "s2c.prep_connection1.cant_find_button":"CAN'T FIND BUTTON",
        "s2c.prep_connection1.connecting":"CONNECTING",
        "s2c.prep_connection1.connecting_details":"Waiting for appliance to connect to home router.",
        "s2c.prep_connection1.check_firewall":"Check your Firewall",
        "s2c.prep_connection1.try_again":"TRY AGAIN",
        "s2c.prep_connection1.call_for_assistance":"CALL FOR ASSISTANCE",
        "s2c.appliance_offline.appliance_offline":"%s is Offline",
        "s2c.appliance_offline.appliance_offline_details":"%s is currently offline. This could be caused by changing routers, router names, passwords or if your router connection to the internet is down. Before beginning to reconnect, make sure your phone is connected to your home WiFi network and that your router supports 2.4 GHz networks.",
        "s2c.appliance_offline.reconnect":"RECONNECT",
        "s2c.appliance_offline.try_later":"TRY LATER",
        "s2c.clear_network.clear_network_settings":"Clear Network Settings",
        "s2c.clear_network.okay":"OKAY",
        "s2c.find_appliance.find_appliance":"Find Appliance",
        "s2c.find_appliance.find_appliance_details":"Select the category and model of your appliance.",
        "s2c.find_appliance.next":"NEXT",
        "s2c.button_location.button_location":"SAID Label Location ",
        "s2c.button_location.ok":"OKAY",
        "s2c.register_failed.register_failed":"Register Failed",
        "s2c.register_failed.register_failed_details":"This appliance has already been claimed to another account. To begin adding it to your account, enter the serial number.",
        "s2c.register_failed.exit":"EXIT",
        "s2c.successfully_added.successfully_added":"Appliance Successfully Added",
        "s2c.successfully_added.register_appliance":"Name your appliance ",
        "s2c.successfully_added.okay":"OKAY",
        "s2c.successfully_added.appliance_default_name":"My Appliance",
        "s2c.steps_reconnecting.steps_reconnecting":"Connect Phone to Appliance WiFi",
        "s2c.steps_reconnecting.steps_reconnecting_details":"We are going to connect your appliance to Wifi.Perform the steps below, then return to JennAir app",
        "s2c.steps_reconnecting.step1":"STEP 1",
        "s2c.steps_reconnecting.step1_details":"Open your Wifi setting on your mobile device,laptop or desktop",
        "s2c.steps_reconnecting.step2":"STEP 2",
        "s2c.steps_reconnecting.step2_details":"Look for network named similar to %s",
        "s2c.steps_reconnecting.next":"NEXT",
        "s2c.steps_reconnecting.network_missing":"NETWORK MISSING",
        "s2c.wifi_network.wifi_network":"'JennAir' Wants to join Wifi Network %s",
        "s2c.wifi_network.cancel":"CANCEL",
        "s2c.wifi_network.join":"JOIN",
        "s2c.unable_join_network.unable_join_network":"Unable to Join the network %s",
        "s2c.unable_join_network.ok":"OKAY",
        "s2c.steps_reconnecting.wait_beaconing":"Wait beaconing...",
        "s2c.steps_reconnecting.provisioning":"Provisioning....",
        "s2c.steps_reconnecting.connecting2":"CONNECTING",
        "s2c.steps_reconnecting.connecting2_details":"1. Waiting for appliance to connect to home router",
        "s2c.steps_reconnecting.connecting3":"CONNECTING",
        "s2c.steps_reconnecting.connecting3_details":"2. Waiting for appliance to connect to Internet",
        "s2c.steps_reconnecting.connecting4":"CONNECTING",
        "s2c.steps_reconnecting.connecting4_details":"3. Appliance connected to server! Finishing the process..",
        "s2c.os.os_out_date":"OS Out Of Date",
        "s2c.os.os_out_date_details":"It appears your phone's operating system needs an update. In order to make it easier to connect your appliance, we suggest you download the update before continuing",
        "s2c.os.update":"UPDATE",
        "s2c.os.skip":"SKIP",
        "s2c.prepare_connection.prepare_for_connection":"Prepare for Connection",
        "s2c.prepare_connection.okay":"OKAY",
        "s2c.connecting_phone.connecting_phone":"CONNECTING PHONE TO THE HOTSPOT FROM APPLIANCE: %s",
        "s2c.connection_error.connection_error":"CONNECTION ERROR",
        "s2c.connection_error.connection_error_details":"We are unable to establish a connection to your network. Please make sure you have entered the correct password and try again. If the error persists, call Customer Support for further assisstance",
        "s2c.connection_error.try_again":"TRY AGAIN",
        "s2c.connection_error.call":"CALL",
        "s2c.wrong_code.wrong_code_scanned":"Wrong Code Scanned",
        "s2c.wrong_code.please_try_again":"Please try again",
        "s2c.wrong_code.scan":"SCAN",
        "s2c.wifi_credentials.wifi_router_credentials":"WiFi Router Credentials",
        "s2c.wifi_credentials.network_name":"Network Name",
        "s2c.wifi_credentials.password":"Password",
        "s2c.wifi_credentials.next":"NEXT",
        "s2c.connect_network.connect_to_network":"Connect To Network",
        "s2c.connect_network.connect_network_details":"Please make sure your phone is connected to your home WiFi network.",
        "s2c.connect_network.dismiss":"DISMISS",
        "s2c.checking_connection":"Checking Connection...",
        "s2c.said_details.said_details":"SAID DETAILS",
        "s2c.said_details.said_message":"Is the SAID Label that you are viewing identical in format to the image above?",
        "s2c.said_details.yes":"YES",
        "s2c.said_details.no":"NO",
        "s2c.register_failed2.register_failed":"Register Failed",
        "s2c.register_failed2.register_failed_details":"There is an error in connection. Please try again.",
        "s2c.register_failed2.exit":"EXIT",
        "s2c.minerva_image.appliance_image":"APPLIANCE IMAGE",
        "s2c.minerva_image.details":"Please choose your model",
        "s2c.minerva_image.next":"NEXT",
        "learnmore.master_domain":"MASTER YOUR DOMAIN",
        "learnmore.master_domain_details":"Create a JennAir account to access a digital ecosystem that defies limitations, harnessing the power of select connected appliances all from the JennAir® app. Remote connectivity and meal-prep suggestions. This is total control, untethered.",
        "cs.perfection_awaits.perfection_awaits":"PERFECTION AWAITS",
        "cs.perfection_awaits.perfection_awaits_details":"With a JennAir account you can add select appliances and connect to WiFi to get real-time notifications, personalize settings and locations, invite guests or control your appliance from anywhere with remote access.",
        "cs.perfection_awaits.enter_our_realm":"ENTER OUR REALM",
        "cs.perfection_awaits.learn_more":"LEARN MORE",
        "cs.add_appliance.add_appliance":"ADD APPLIANCE",
        "cs.add_appliance.add_appliance_details":"Tap below to add an appliance and indulge in culinary adventures tailored precisely to your preferences with step-by-step recipes, timers and saved favorites, get real-time notifications, personalize settings and locations, invite guests, or control your appliance from anywhere with remote access.",
        "cs.add_appliance.add_appliance_button":"Add Appliance",
        "cs.add_location.add_location":"ADD LOCATION",
        "cs.add_location.add_location_details":"You do not have any locations created on this account. Tap below to add a new location.",
        "cs.add_location.add_location_button":"Add Location",
        "cs.appliances_located.your_appliances_located":"WHERE ARE YOUR APPLIANCES LOCATED?",
        "cs.appliances_located.locations_list":"SELECT FROM LIST OF LOCATIONS",
        "cs.appliances_located.add_new_location":"ADD NEW LOCATION",
        "cs.appliances_located.next":"NEXT",
        "cs.invite_guest.invite_guest":"INVITE GUEST",
        "cs.invite_guest.invite_guest_details":"Add family, guests, and help to your appliances so they can command and control them digitally. Guest users won't be able to change your account settings, add or delete appliances.",
        "cs.my_appliances.my_appliances":"MY APPLIANCES",
        "cs.my_appliances.location":"LOCATION",
        "cs.my_appliances.appliances_list":"LIST OF APPLIANCES",
        "cs.culinary_center1.culinary_center":"Culinary Center",
        "cs.culinary_center1.my_creations":"MY CREATIONS",
        "cs.culinary_center1.my_creations_details":"Curate recipe presets at will. Bake for 30 minutes, broil for 4 and keep dishes warm until you’re ready to dine-all without getting up to reset the oven for each stage.",
        "cs.culinary_center1.add_creation":"ADD CREATION",
        "cs.culinary_center1.saved_creations":"SAVED CREATIONS",
        "cs.culinary_center1.no_saved_creations":"You currently don't have any saved creations, click add creation to begin.",
        "cs.compatible_appliance.details":"Your appliance is incompatible with the the assisted cooking feature.",
        "cs.compatible_appliance.add_compatible_appliance":"ADD COMPATIBLE APPLIANCE",
        "cs.culinary_center2.culinary_center":"Culinary Center",
        "cs.culinary_center2.assisted_cooking":"ASSISTED COOKING",
        "cs.culinary_center2.assisted_cooking_details":"You have multiple compatible appliances for assisted cooking. Please select which one would you like to use."
    }
}
