{
    "Header": {
        "title": "Eng Localization",
        "version": "0.0",
        "createdAt": "Oct 22, 2018 6:30:00 PM",
        "modifiedDate": "Oct 22, 2018 6:30:00 PM",
        "createdBy": "Venkat Boddapati",
        "Description": ""
    },
    "Data": {
        "scanQRCode": "Enter SAID",
        "applianceCategory": "Appliance Type",
        "applianceModel": "Appliance Model",
        "saidLabel": "SAID Label",
        "enterSaid": "Enter Said Manually",
        "wrongCodeScanned": "Wrong Code Scanned",
        "wifiConnection": "Wifi Connection State",
        "routerInstructions": "On Appliance Setup",
        "registerAppliance": "Register Appliance",
        "registrationFailed": "Register Failed",
        "waitingToBeacon": "Waiting for Beaconing",
        "connectionError": "Connection Error",
        "checkFirewall": "Check your Firewall",
        "applianceOffline": "Appliance is Offline",
        "connectToWifi": "Let's Get Connected",
        "scanSaidLabel": "Scan the said label",
        "connectionMonitoring": "Connecting Appliance",
        "findConnectButton": "Find Connect Button",
        "claimedByOther": "Claimed by other user",
        "clearNetworkSettings": "Clear Network Settings",
        "checkApplianceConnection": "Checking appliance connection to internet",
        "applianceWithTouch": "On Appliance Setup",
        "determineApplianceState": "Claiming Appliance",
        "wifiRouterCredentials": "Wifi Router Credentials",
        "findSaidLabel": "Find SAID Label",
        "provisionAppliance": "Connecting",
        "osOutOfDate": "OS out of date",
        "manuallyEnterCode": "Manually enter codes",
        "connectToNetwork": "Connect to network",
        "invalidEntry": "Invalid Entry",
        "findAppliance": "Find Appliance",
        "buttonLocation": "Button Location",
        "myCategoryIsOffline": "My %@ is Offline",
        "categorySuccessfulAdded": "%@ successfull added",
        "applianceWithTouchPrepareForConnection": "Prep for connection",
        "connectToWoFiTitle1": "1. Open a web browser.",
        "connectToWoFiTitle2": "2. Reconnect your device to your home network.",
        "saidDetails": "SAID Details",
        "findSaidLabel": "Find SAID Label",
        "onYourAppliance": "On Your Appliance",
        "applianceWithTouch": "On your touch screen:",
        "claimedByOther": "Press Connect Button",
        "findConnectButton": "Find Connect Button",
        "registerAppliance": "Enter the appliance name",
        "connectToWoFiSubtitle1": "Go to the address 192.168.10.1 \nEnter your network credentials into the webpage.",
        "connectToWoFiSubtitle2": "Return to the wifi settings on your personal device and reconnect it to you home wifi network.",
        "scanQrCode": "Please scan the label shown below with your phone's camera",
        "wrongCodeScanned": "You scanned a wrong qr code. Please find the SAID label and scan it.",
        "alreadyClaimedYourAccount": "The appliance is already claimed to your account!",
        "alreadyClaimedOtherAccount": "This appliance has already been claimed to another account. To begin adding it to your account, enter the serial number.",
        "waitingToBeacon": "Appliance should start beaconing anytime soon...",
        "connectionError": "We are unable to establish a connection to your network. Please make sure you have entered the correct password and try again, or call Customer Support for further assistance",
        "checkFirewall": "We have connected to your router, but are unable to connect to our server on the internet. Please try again or contact Customer Support for assistance",
        "applianceIsOffline": "Appliance is currently offline. This could be caused by a changing routers, router names, passwords, or if your router connection to the internet is down. Be sure your mobile device is connected to your home router before continuing and that it is connected to the internet.",
        "connectToWifi": "Before continuing, please make sure your phone is connected to your home WiFi network.",
        "connectToWifi24Ghz": "In order to continue adding the appliance, please make sure this device is connected to the WiFi network you wish to use for your appliance. Check that your router supports 2.4 GHz networks.",
        "connectingNotConnected": "1. Waiting for appliance to connect to home router",
        "connectingConnectedToRouter": "2. Waiting for appliance to connect to Internet",
        "connectingConnectedToServer": "3. Appliance connected to server! Finishing process..",
        "findConnectButton": "Find the connect button, located at the point shown below and press it.",
        "clearNetworkSettings": "Find the connect button, located at the point shown below. Press and hold it for 15 seconds.",
        "pressConnectButton": "Press Connect Button",
        "saidDetailsTop": "Please enter your appliance's SAID information. An example of an SAID label is shown below",
        "saidDetailsBottom": "Is the label you are viewing identical in format to the image above?",
        "findSaidLabel": "The SAID is a unique identification number for your appliance. It is located on the bottom surface of the %s",
        "applianceWithTouch": "1. Go into your Tools \n\n 2. Select Wifi \n\n 3. Select Connect to Network and hit Next \n\n 4. Select Manual Setup \n\n 5. Select Search for Network, and follow the on screen instructions",
        "claimedByOther": "Find the connect button, located at the point shown below. Press and hold it for 15 seconds",
        "enterSaid": "Please enter your appliance's SAID information. An example of an SAID label is shown below",
        "registrationFailedTopJennair": "We apologize, the registration has failed. Please contact the Service and Support team at (JJJ) JJJ-JJJJ to resolve this.",
        "registrationFailedBottomJennair": "Adding an appliance to your account will also complete the product registration process for that appliance. For more information on product registration.",
        "registrationFailedTopWhirlpool": "We apologize, the registration has failed. PLease contact the Service and Support team at (WWW) WWW-WWWW to resolve this.",
        "registrationFailedBottomWhirlpool": "Adding an appliance to your account will also complete the product registration process for that appliance. For more information on product registration.",
        "osOutOfDate": "It appears your operating system needs an update. To make connecting your appliance easier, we suggest you download the update before continuing",
        "connectToNetworkMessage": "We are going to connect your appliance to WiFi. Perform these steps, then return to the Jenn-Air app.",
        "connectToNetworkHeader": "Steps to begin reconnecting",
        "connectToNetworkStepOneTitle": "Step 1",
        "connectToNetworkStepOneSubtitle": "Open your WiFi settings on your mobile device, laptop or desktop.",
        "connectToNetworkStepTwoTitle": "Step 2",
        "connectToNetworkStepTwoSubtitle": "Look for network named similarly to JA_11_22_33_44.",
        "connectToNetworkTopPlaceholder": "(The number will match the MAC ID on your SAID label)",
        "connectToNetworkBottomPlaceholder": "When you have found the network, come back to the app and press next.",
        "invalidEntry": "The Serial Number entered was not valid. Please try again.",
        "noWiFiConnection": "Before continuing, please make sure your phone is connected to your home WiFi network.",
        "selectApplianceType": "Please select what type of appliance you are tryng to connect and the model",
        "reconnectAppliance": "My Oven is currently offline. This could be caused by a changing routers, router names, passwords or if your router connection to the internet is down. Before beginning to reconnect, make sure your phone is connected to your home WIFI network and that your router supports 2.4 GHz networks.",
        "buttonLocation": "Find the connect button, located at the point shown below and press it.",
        "applianceWithTouchPlaceholderText": "To begin reconnecting your appliance, make sure you are in the vicinity of your appliance and please follow the instructions listed below:",
        "applianceWithTouchPlaceholderText2": "On your appliance, go into your settings and follow these instructions:",
        "applianceWithTouchSetupHeader": "Steps to begin reconnecting",
        "applianceWithTouchStepOneTitle": "Step1",
        "applianceWithTouchStepOneSubtitle": "Meh celiac lo-fi enamel pin migas fanny pack irony photo booth flexitarian mumblecore tofu mustach.",
        "applianceWithTouchStepTwoTitle": "Step2",
        "applianceWithTouchStepTwoSubtitle": "Once the light begins flashing, press and release the connect button.",
        "accessPointMessage": "Back in the network settings on your device, try to connect to the network you just found. The network password will be the SAID. If you’d like you can copy the SAID to the clipboard and paste it into the password field. Please ensure the characters you enter are in all caps.",
        "scanQrCode": "Scan Details",
        "enterSaid": "Enter SAID",
        "enterMac": "Enter MAC ID",
        "registerAppliance": "My Appliance",
        "yes": "Yes",
        "no": "No",
        "ok": "Okay",
        "begin": "Begin",
        "cancel": "Cancel",
        "next": "Next",
        "close": "Close",
        "exit": "Exit",
        "dismiss": "Dismiss",
        "scan": "Scan",
        "save": "Save",
        "reconnect": "Reconnect",
        "tryLater": "Try later",
        "update": "Update",
        "skip": "Skip",
        "tryAgain": "Try again",
        "callSupport": "Call",
        "needHelp": "Need Help?",
        "scanYourCodeInstead": "For convenience, scan your code instead",
        "manuallyEnterCode": "Manually enter code",
        "cantFindCode": "Can't find code",
        "cantFindClearButton": "Can't find clear button?",
        "enter": "Enter",
        "missing": "Missing",
        "gotIt": "Got It",
        "cantFindButton": "Can't find button"
    }
}
