{
	"Header": {
		"title": "ScantoConnect",
		"version": "0.0",
		"createdAt": "Oct 22, 2018 6:30:00 PM",
		"modifiedDate": "Aug 15, 2019 2:00:00 PM",
		"createdBy": "Venkat Boddapati",
		"Description": "Whirlpool"
	},
	"Data": {
		"categories": [
				{
					"categoryName": "kAirConditioner",
					"categoryImageUrl": "https://raw.githubusercontent.com/boddapatiV/Sample/master/S2C/WPR/provisioning_ac@3x.png",
					"products": [
						{
							"productName": "kAirConditioner",
							"productPrefix": "AIRCON",
							"modelNumber": [
								"WA6078Q",
								"WA6178Q"
							],
							"gui": 0,
							"findQrCodeImageUrl": "https://raw.githubusercontent.com/boddapatiV/Sample/master/S2C/WPR/said_ac@3x.png",
							"findQrCodeDesc": "kSaidInfoAC",
							"findConnectButtonImageUrl": "https://raw.githubusercontent.com/boddapatiV/Sample/master/S2C/WPR/rc_mx_humidity_button_ac@3x.png",
							"findConnectButtonDesc": "kConnectInfoAC",
							"clearNetworkSettingsImage": "",
							"clearNetworkInstructions": "kClearInfoAC"
						}
					]
				},
				{
					"categoryName": "kWasher",
					"categoryImageUrl": "https://raw.githubusercontent.com/boddapatiV/Sample/master/S2C/WPR/provisioning_washer.png",
					"products": [
						{
							"productName": "kWasher",
							"productPrefix": "WP",
							"modelNumber": [
							  "WFL98HEBU0"
							],
							"gui": 0,
							"findQrCodeImageUrl": "https://raw.githubusercontent.com/boddapatiV/Sample/master/S2C/WPR/SAID_ID_3X.png",
							"findQrCodeDesc": "kSaidInfoWasher",
							"findConnectButtonImageUrl": "https://raw.githubusercontent.com/boddapatiV/Sample/master/S2C/WPR/duet_connect_button.png",
							"findConnectButtonDesc": "kConnectInfoSmartDryer",
							"clearNetworkSettingsImage": "",
							"clearNetworkInstructions": "kClearInfoSmartDryer"
						  },
						{
							"productName": "kWasher",
							"productPrefix": "CLWSHR",
							"modelNumber": [
							  "WTW8700EC0",
							  "WTW8700EC1"
							],
							"gui": 0,
							"findQrCodeImageUrl": "https://raw.githubusercontent.com/boddapatiV/Sample/master/S2C/WPR/SAID_ID_3X.png",
							"findQrCodeDesc": "kSaidInfoWasher",
							"findConnectButtonImageUrl": "https://raw.githubusercontent.com/boddapatiV/Sample/master/S2C/WPR/cabrio_connect_button.png",
							"findConnectButtonDesc": "kConnectInfoWasherDryer",
							"clearNetworkSettingsImage": "",
							"clearNetworkInstructions": "kClearInfoWasherDryer"
						  },
						  {
							"productName": "Janus",
							"productPrefix": "WP",
							"modelNumber": [
								"WFW9620HW0",
								"WFW9620HW",
								"WFW9620HC0",
								"WFW9620HBK0"
							],
							"gui": 2,
							"findQrCodeImageUrl": "",
							"findQrCodeDesc": "kSaidInfoIndigo",
							"findConnectButtonImageUrl": "",
							"findConnectButtonDesc": "kConnectInfoIndigo",
							"clearNetworkSettingsImage": "",
							"clearNetworkInstructions": "kClearInfoIndigo"
						}
					]
				},
				{
					"categoryName": "kDryer",
					"categoryImageUrl": "https://raw.githubusercontent.com/boddapatiV/Sample/master/S2C/WPR/provisioning_dryer.png",
					"products": [
						{
							"productName": "kDryer",
							"productPrefix": "WP",
							"modelNumber": [
								"WEL98HEBU0"
							],
							"gui": 0,
							"findQrCodeImageUrl": "https://raw.githubusercontent.com/boddapatiV/Sample/master/S2C/WPR/SAID_ID_3X.png",
							"findQrCodeDesc": "kSaidInfoDryer",
							"findConnectButtonImageUrl": "https://raw.githubusercontent.com/boddapatiV/Sample/master/S2C/WPR/duet_connect_button.png",
							"findConnectButtonDesc": "kConnectInfoSmartDryer",
							"clearNetworkSettingsImage": "",
							"clearNetworkInstructions": "kClearInfoSmartDryer"
						},
						{
							"productName": "kDryer",
							"productPrefix": "DRYER",
							"modelNumber": [
								"WED8700EC0",
								"WGD8700EC0"
							],
							"gui": 0,
							"findQrCodeImageUrl": "https://raw.githubusercontent.com/boddapatiV/Sample/master/S2C/WPR/SAID_ID_3X.png",
							"findQrCodeDesc": "kSaidInfoDryer",
							"findConnectButtonImageUrl": "https://raw.githubusercontent.com/boddapatiV/Sample/master/S2C/WPR/cabrio_connect_button.png",
							"findConnectButtonDesc": "kConnectInfoWasherDryer",
							"clearNetworkInstructions": "kClearInfoWasherDryer",
							"clearNetworkSettingsImage": ""
						},
						{
							"productName": "Janus",
							"productPrefix": "WP",
							"modelNumber": [
								"WED9620H",
								"WGD9620H",
								"YWED9620H",
								"WED9620HC0",
								"WED9620HBK0",
								"WGD9620HC0",
								"WGD9620HBK0",
								"YWED9620HC0",
								"WED9620HC0",
								"WED9120HC"
		
							],
							"gui": 2,
							"findQrCodeImageUrl": "",
							"findQrCodeDesc": "kSaidInfoIndigo",
							"findConnectButtonImageUrl": "",
							"findConnectButtonDesc": "kConnectInfoIndigo",
							"clearNetworkSettingsImage": "",
							"clearNetworkInstructions": "kClearInfoIndigo"
						}
					]
				},
				{
					"categoryName": "kLaundry",
					"categoryImageUrl": "https://raw.githubusercontent.com/boddapatiV/Sample/master/S2C/WPR/provisioning_washer.png",
					"products": [
						{
							"productName": "kLaundry",
							"productPrefix": "WP",
							"modelNumber": [
								"WFC8090GX",
								"YWFC8090GX"
							],
							"gui": 2,
							"findQrCodeImageUrl": "",
							"findQrCodeDesc": "kSaidInfoIndigo",
							"findConnectButtonImageUrl": "",
							"findConnectButtonDesc": "kConnectInfoIndigo",
							"clearNetworkSettingsImage": "",
							"clearNetworkInstructions": "kClearInfoIndigo"
						},
						{
							"productName": "kJanusCombo",
							"productPrefix": "WP",
							"modelNumber": [
								"WFC9820HW0",
								"WFC9820HW",
								"WFC9820HC0",
								"7MWFC9822HC0"
							],
							"gui": 2,
							"findQrCodeImageUrl": "",
							"findQrCodeDesc": "kSaidInfoIndigo",
							"findConnectButtonImageUrl": "",
							"findConnectButtonDesc": "kConnectInfoIndigo",
							"clearNetworkSettingsImage": "",
							"clearNetworkInstructions": "kClearInfoIndigo"
						}
					]
				},
				{
					"categoryName": "kDishWasher",
					"categoryImageUrl": "https://raw.githubusercontent.com/boddapatiV/Sample/master/S2C/WPR/provisioning_dishwasher.png",
					"products": [
						{
							"productName": "kDishWasher",
							"productPrefix": "DISHW",
							"modelNumber": [
								"wdt995safm0",
								"wdt995safm00",
								"WDT975SAHZ0"
							],
							"gui": 0,
							"findQrCodeImageUrl": "https://raw.githubusercontent.com/boddapatiV/Sample/master/S2C/WPR/said_fid.png",
							"findQrCodeDesc": "kSaidInfoDishwasher",
							"findConnectButtonImageUrl": "https://raw.githubusercontent.com/boddapatiV/Sample/master/S2C/WPR/connect_fid.png",
							"findConnectButtonDesc": "kConnectInfoDishwasher",
							"clearNetworkSettingsImage": "",
							"clearNetworkInstructions": "kClearInfoDishwasher"
						}
					]
				},
				{
					"categoryName": "kMicrowave",
					"categoryImageUrl": "https://raw.githubusercontent.com/boddapatiV/Sample/master/S2C/WPR/provisioning_microwave.png",
					"products": [
						{
							"productName": "kMicrowave76",
							"productPrefix": "MICRW",
							"modelNumber": [
								"WMH78019HW00",
								"WMH78019HB00",
								"WMH78019HZ00",
								"WMH78019HV00",
								"YWMH78019HW00",
								"YWMH78019HB00",
								"YWMH78019HZ00",
								"YWMH78019HV00",
								"WMH78019HW",
								"WMH78019HB",
								"WMH78019HZ",
								"WMH78019HV",
								"YWMH78019HW",
								"YWMH78019HB",
								"YWMH78019HZ",
								"YWMH78019HV"
							],
							"gui": 1,
							"findQrCodeImageUrl": "https://raw.githubusercontent.com/boddapatiV/Sample/master/S2C/WPR/said_mhc.png",
							"findQrCodeDesc": "kSaidInfoMicrowave",
							"findConnectButtonImageUrl": "https://raw.githubusercontent.com/boddapatiV/Sample/master/S2C/WPR/connect_mhc.png",
							"findConnectButtonDesc": "kConnectInfoMicrowave",
							"clearNetworkSettingsImage": "",
							"clearNetworkInstructions": "kClearInfoMicrowave"
						},
						{
							"productName": "kMicrowave96",
							"productPrefix": "MICRW",
							"modelNumber": [
								"WMHA9019HZ",
								"WMHA9019HV",
								"WMHA9019HN",
								"YWMHA9019HZ",
								"YWMHA9019HV",
								"YWMHA9019HN"
							],
							"gui": 2,
							"findQrCodeImageUrl": "https://raw.githubusercontent.com/boddapatiV/Sample/master/S2C/WPR/said_mhc.png",
							"findQrCodeDesc": "kSaidInfoIndigo",
							"findConnectButtonImageUrl": "",
							"findConnectButtonDesc": "kConnectInfoIndigo",
							"clearNetworkSettingsImage": "",
							"clearNetworkInstructions": "kClearInfoIndigo"
						}
					]
				},
				{
					"categoryName": "kRange",
					"categoryImageUrl": "https://raw.githubusercontent.com/boddapatiV/Sample/master/S2C/WPR/provisioning_range.png",
					"products": [
						{
							"productName": "kRangeVesta",
							"productPrefix": "OVEN",
							"modelNumber": [
								"WFE975H0H0",
								"YWFE975H0H0",
								"WFEA75H0H0",
								"YWFEA75H0H0",
								"WFG975H0H0",
								"WFGA75H0H0",
								"WFE975H0HV0",
								"WFE975H0HZ0",
								"YWFE975H0HV0",
								"YWFE975H0HZ0",
								"WFG975H0HV0",
								"WFG975H0HZ0",
								"WFE975H0HV",
								"WFE975H0HZ",
								"YWFE975H0HV",
								"YWFE975H0HZ",
								"WFG975H0HV",
								"WFG975H0HZ"
							],
							"gui": 0,
							"findQrCodeImageUrl": "https://raw.githubusercontent.com/boddapatiV/Sample/master/S2C/WPR/said_vesta@3x.png",
							"findQrCodeDesc": "kSaidInfoOven",
							"findConnectButtonImageUrl": "https://raw.githubusercontent.com/boddapatiV/Sample/master/S2C/WPR/connect_vesta@3x.png",
							"findConnectButtonDesc": "kConnectInfoOven",
							"clearNetworkSettingsImage": "",
							"clearNetworkInstructions": "kClearInfoOven"
						},
						{
							"productName": "kRangeVSI",
							"productPrefix": "OVEN",
							"modelNumber": [
								"WEGA50H0H0",
								"WEE750H0HW0",
								"WEE750H0HB0",
								"WEE750H0HZ0",
								"WEE750H0HV0",
								"YWEE750H0HW0",
								"YWEE750H0HB0",
								"YWEE750H0HZ0",
								"YWEE750H0HV0",
								"WEEA25H0HZ0",
								"WEEA25H0HN0",
								"YWEEA25H0HZ0",
								"YWEEA25H0HN0",
								"WEG750H0HW0",
								"WEG750H0HB0",
								"WEG750H0HZ0",
								"WEG750H0HV0",
								"WEGA25H0HZ0",
								"WEGA25H0HN0"
							],
							"gui": 2,
							"findQrCodeImageUrl": "",
							"findQrCodeDesc": "kSaidInfoIndigo",
							"findConnectButtonImageUrl": "",
							"findConnectButtonDesc": "kConnectInfoIndigo",
							"clearNetworkSettingsImage": "",
							"clearNetworkInstructions": "kClearInfoIndigo"
						}
					]
				},
				{
					"categoryName": "kWallOven",
					"categoryImageUrl": "https://raw.githubusercontent.com/boddapatiV/Sample/master/S2C/WPR/provisioning_oven.png",
					"products": [
						{
							"productName": "kWallOvenMinerva",
							"productPrefix": "OVEN",
							"modelNumber": [
								"WOS72EC0HS",
								"WOS72EC0HB",
								"WOS72EC0HW",
								"WOS72EC0HV",
								"WOS72EC7HS",
								"WOS72EC7HB",
								"WOS72EC7HV",
								"WOD77EC0HS",
								"WOD77EC0HB",
								"WOD77EC0HW",
								"WOD77EC0HV",
								"WOD77EC7HS",
								"WOD77EC7HB",
								"WOD77EC7HV",
								"WOC75EC0HS",
								"WOC75EC0HB",
								"WOC75EC0HW",
								"WOC75EC0HV",
								"WOC75EC7HS",
								"WOC75EC7HV",
								"WOD51EC7HS",
								"WOD51EC7HB",
								"WOD51EC7HW",
								"WOC54EC0HS",
								"WOC54EC0HB",
								"WOC54EC0HW",
								"WOC54EC7HS",
								"WOC54EC7HB",
								"WOC54EC7HW",
								"WOSA2EC0HZ",
								"WOSA2EC0HN",
								"WODA7EC0HZ",
								"WODA7EC0HN",
								"WOCA7EC0HZ",
								"WOCA7EC0HN",
								"WOC97EC0HZ",
								"WOS97EC0HZ",
								"WOD97EC0HZ",
								"WOS51EC0HS",
								"WOS51EC0HB",
								"WOS51EC0HW",
								"WOS51EC7HS",
								"WOS51EC7HB",
								"WOS51EC7HW",
								"WOD51EC0HS",
								"WOD51EC0HB",
								"WOD51EC0HW"
							],
							"gui": 2,
							"findQrCodeImageUrl": "",
							"findQrCodeDesc": "kSaidInfoIndigo",
							"findConnectButtonImageUrl": "",
							"findConnectButtonDesc": "kConnectInfoIndigo",
							"clearNetworkSettingsImage": "",
							"clearNetworkInstructions": "kClearInfoIndigo"
						}
					]
				},
				{
					"categoryName": "kFoodRecycler",
					"categoryImageUrl": "https://raw.githubusercontent.com/boddapatiV/Sample/master/S2C/WPR/provisioning_zera@3x.png",
					"products": [
						{
							"productName": "kFoodRecycler",
							"productPrefix": "ZERA",
							"modelNumber": [
								"ZFR100UGW0",
								"ZFR100UGW00"
							],
							"gui": 0,
							"findQrCodeImageUrl": "https://raw.githubusercontent.com/boddapatiV/Sample/master/S2C/WPR/SAID_ID_3X.png",
							"findQrCodeDesc": "kSaidInfoZera",
							"findConnectButtonImageUrl": "https://raw.githubusercontent.com/boddapatiV/Sample/master/S2C/WPR/ScanToConnectConnect@3x.png",
							"findConnectButtonDesc": "kConnectInfoZera",
							"clearNetworkSettingsImage": "",
							"clearNetworkInstructions": "kClearInfoZera"
						}
					]
				},
				{
					"categoryName": "kCookTop",
					"categoryImageUrl": "https://raw.githubusercontent.com/boddapatiV/Sample/master/S2C/WPR/cookTop.png",
					"products": [
						{
							"productName": "kCookTopLoki",
							"productPrefix": "COOKTOP",
							"modelNumber": [
								"WCE97US0",
								"WCE97US6"
							],
							"gui": 0,
							"findQrCodeImageUrl": "https://raw.githubusercontent.com/boddapatiV/Sample/master/S2C/WPR/said_Whirlpool-WCE97US0H@3x.png",
							"findQrCodeDesc": "kSaidInfoLoki",
							"findConnectButtonImageUrl": "https://raw.githubusercontent.com/boddapatiV/Sample/master/S2C/WPR/connect_Whirlpool-WCE97US0H@3x.png",
							"findConnectButtonDesc": "kConnectInfoLoki",
							"clearNetworkSettingsImage": "",
							"clearNetworkInstructions": "kClearInfoLoki"
						}
					]
				},
				{
					"categoryName": "kRefrigerator",
					"categoryImageUrl": "https://raw.githubusercontent.com/boddapatiV/Sample/master/S2C/WPR/provisioning_refrigerator.png",
					"products": [
						{
							"productName": "kRefrigerator",
							"productPrefix": "REFRID",
							"modelNumber": [
								"GSS26C4XXY0",
								"WRL767SIAM0",
								"WRL767SIAM00",
								"WRF995FIFZ",
								"WRF995FIFZ01"
							],
							"gui": 0,
							"findQrCodeImageUrl": "https://raw.githubusercontent.com/boddapatiV/Sample/master/S2C/WPR/SAID_ID_3X.png",
							"findQrCodeDesc": "kSaidInfo3XRefrigerator",
							"findConnectButtonImageUrl": "https://raw.githubusercontent.com/boddapatiV/Sample/master/S2C/WPR/3X_fridge_connect_button.png",
							"findConnectButtonDesc": "kConnectInfo3XRefrigerator",
							"clearNetworkSettingsImage": "",
							"clearNetworkInstructions": "kClearInfo3XRefrigerator"
						},
						{
							"productName": "kRefrigerator",
							"productPrefix": "REFRID",
							"modelNumber": [
								"GSS26C4XXY0",
								"WRL767SIAM0",
								"WRL767SIAM00",
								"WRF995FIFZ",
								"WRF995FIFZ01"
							],
							"gui": 0,
							"findQrCodeImageUrl": "https://raw.githubusercontent.com/boddapatiV/Sample/master/S2C/WPR/SAID_ID_3X.png",
							"findQrCodeDesc": "kSaidInfo3XRefrigerator",
							"findConnectButtonImageUrl": "https://raw.githubusercontent.com/boddapatiV/Sample/master/S2C/WPR/3X_fridge_connect_button.png",
							"findConnectButtonDesc": "kConnectInfo3XRefrigerator",
							"clearNetworkSettingsImage": "",
							"clearNetworkInstructions": "kClearInfo3XRefrigerator"
						}
					]
				}
			]
	  }
}
