{
	"Header": {
		"title": "ServiceAndSupport_CAeng",
		"version": "0.0",
		"createdAt": "June 4, 2019 6:30:00 PM",
		"modifiedDate": "June 4, 2019 6:30:00 PM",
		"createdBy": "Venkat Boddapati",
		"Description": ""
	},
	"Data": {
		"CXCDetail": {
			"Country": "CA",
			"Email": "NAR_JennAirCustomerExperience@JennAir.com",
			"Phone": "1-800-536-6247",
			"Hours": "Mon–Fri 8am–8pm EST"
		},
        "TermsofService": "https://www.whirlpool.com/home-innovations/connected-appliances/terms.html",
        "PrivacyNotice": "https://www.whirlpool.com/home-innovations/connected-appliances/privacy.html",
        "ScheduleService": "https://www.servicebench.com/servicebenchv5/consumerApp/productDescription.action"
	}
}

